"asns","CREATE DICTIONARY default.asns (`asn` UInt32 INJECTIVE, `name` String) PRIMARY KEY asn SOURCE(HTTP(URL 'http://something/api/v0/orchestrator/clickhouse/asns.csv' FORMAT 'CSVWithNames')) LIFETIME(MIN 0 MAX 3600) LAYOUT(HASHED()) SETTINGS(format_csv_allow_single_quotes = 0)"
"flows","CREATE TABLE default.flows (`TimeReceived` DateTime CODEC(DoubleDelta, LZ4), `SamplingRate` UInt64, `ExporterAddress` LowCardinality(IPv6), `ExporterName` LowCardinality(String), `ExporterGroup` LowCardinality(String), `ExporterRole` LowCardinality(String), `ExporterSite` LowCardinality(String), `ExporterRegion` LowCardinality(String), `ExporterTenant` LowCardinality(String), `SrcAddr` IPv6 CODEC(ZSTD(1)), `DstAddr` IPv6 CODEC(ZSTD(1)), `SrcNetMask` UInt8, `DstNetMask` UInt8, `SrcNetPrefix` String ALIAS multiIf(EType = 2048, concat(replaceRegexpOne(CAST(IPv6CIDRToRange(SrcAddr, CAST(96 + SrcNetMask, 'UInt8')).1, 'String'), '^::ffff:', ''), '/', CAST(SrcNetMask, 'String')), EType = 34525, concat(CAST(IPv6CIDRToRange(SrcAddr, SrcNetMask).1, 'String'), '/', CAST(SrcNetMask, 'String')), ''), `DstNetPrefix` String ALIAS multiIf(EType = 2048, concat(replaceRegexpOne(CAST(IPv6CIDRToRange(DstAddr, CAST(96 + DstNetMask, 'UInt8')).1, 'String'), '^::ffff:', ''), '/', CAST(DstNetMask, 'String')), EType = 34525, concat(CAST(IPv6CIDRToRange(DstAddr, DstNetMask).1, 'String'), '/', CAST(DstNetMask, 'String')), ''), `SrcAS` UInt32, `DstAS` UInt32, `SrcNetName` LowCardinality(String), `DstNetName` LowCardinality(String), `SrcNetRole` LowCardinality(String), `DstNetRole` LowCardinality(String), `SrcNetSite` LowCardinality(String), `DstNetSite` LowCardinality(String), `SrcNetRegion` LowCardinality(String), `DstNetRegion` LowCardinality(String), `SrcNetTenant` LowCardinality(String), `DstNetTenant` LowCardinality(String), `SrcCountry` FixedString(2), `DstCountry` FixedString(2), `DstASPath` Array(UInt32), `Dst1stAS` UInt32, `Dst2ndAS` UInt32, `Dst3rdAS` UInt32, `DstCommunities` Array(UInt32), `DstLargeCommunities` Array(UInt128), `InIfName` LowCardinality(String), `OutIfName` LowCardinality(String), `InIfDescription` LowCardinality(String), `OutIfDescription` LowCardinality(String), `InIfSpeed` UInt32, `OutIfSpeed` UInt32, `InIfConnectivity` LowCardinality(String), `OutIfConnectivity` LowCardinality(String), `InIfProvider` LowCardinality(String), `OutIfProvider` LowCardinality(String), `InIfBoundary` Enum8('undefined' = 0, 'external' = 1, 'internal' = 2), `OutIfBoundary` Enum8('undefined' = 0, 'external' = 1, 'internal' = 2), `EType` UInt32, `Proto` UInt32, `SrcPort` UInt16, `DstPort` UInt16, `Bytes` UInt64 CODEC(T64, LZ4), `Packets` UInt64 CODEC(T64, LZ4), `PacketSize` UInt64 ALIAS intDiv(Bytes, Packets), `PacketSizeBucket` LowCardinality(String) ALIAS multiIf(PacketSize < 64, '0-63', PacketSize < 128, '64-127', PacketSize < 256, '128-255', PacketSize < 512, '256-511', PacketSize < 768, '512-767', PacketSize < 1024, '768-1023', PacketSize < 1280, '1024-1279', PacketSize < 1501, '1280-1500', PacketSize < 2048, '1501-2047', PacketSize < 3072, '2048-3071', PacketSize < 4096, '3072-4095', PacketSize < 8192, '4096-8191', PacketSize < 10240, '8192-10239', PacketSize < 16384, '10240-16383', PacketSize < 32768, '16384-32767', PacketSize < 65536, '32768-65535', '65536-Inf'), `ForwardingStatus` UInt32) ENGINE = MergeTree PARTITION BY toYYYYMMDDhhmmss(toStartOfInterval(TimeReceived, toIntervalSecond(25920))) ORDER BY (TimeReceived, ExporterAddress, InIfName, OutIfName) TTL TimeReceived + toIntervalSecond(1296000) SETTINGS index_granularity = 8192"
"networks","CREATE DICTIONARY default.networks (`network` String, `name` String, `role` String, `site` String, `region` String, `tenant` String) PRIMARY KEY network SOURCE(HTTP(URL 'http://something/api/v0/orchestrator/clickhouse/networks.csv' FORMAT 'CSVWithNames')) LIFETIME(MIN 0 MAX 3600) LAYOUT(IP_TRIE()) SETTINGS(format_csv_allow_single_quotes = 0)"
"exporters","CREATE MATERIALIZED VIEW default.exporters (`TimeReceived` DateTime, `ExporterAddress` LowCardinality(IPv6), `ExporterName` LowCardinality(String), `ExporterGroup` LowCardinality(String), `ExporterRole` LowCardinality(String), `ExporterSite` LowCardinality(String), `ExporterRegion` LowCardinality(String), `ExporterTenant` LowCardinality(String), `IfName` String, `IfDescription` String, `IfSpeed` UInt32, `IfConnectivity` String, `IfProvider` String, `IfBoundary` Enum8('undefined' = 0, 'external' = 1, 'internal' = 2)) ENGINE = ReplacingMergeTree(TimeReceived) ORDER BY (ExporterAddress, IfName) TTL TimeReceived + toIntervalDay(1) SETTINGS index_granularity = 8192 AS SELECT DISTINCT TimeReceived, ExporterAddress, ExporterName, ExporterGroup, ExporterRole, ExporterSite, ExporterRegion, ExporterTenant, [InIfName, OutIfName][num] AS IfName, [InIfDescription, OutIfDescription][num] AS IfDescription, [InIfSpeed, OutIfSpeed][num] AS IfSpeed, [InIfConnectivity, OutIfConnectivity][num] AS IfConnectivity, [InIfProvider, OutIfProvider][num] AS IfProvider, [InIfBoundary, OutIfBoundary][num] AS IfBoundary FROM default.flows ARRAY JOIN arrayEnumerate([1, 2]) AS num"
"protocols","CREATE DICTIONARY default.protocols (`proto` UInt8 INJECTIVE, `name` String, `description` String) PRIMARY KEY proto SOURCE(HTTP(URL 'http://something/api/v0/orchestrator/clickhouse/protocols.csv' FORMAT 'CSVWithNames')) LIFETIME(MIN 0 MAX 3600) LAYOUT(HASHED()) SETTINGS(format_csv_allow_single_quotes = 0)"
"flows_1m0s","CREATE TABLE default.flows_1m0s (`TimeReceived` DateTime CODEC(DoubleDelta, LZ4), `SamplingRate` UInt64, `ExporterAddress` LowCardinality(IPv6), `ExporterName` LowCardinality(String), `ExporterGroup` LowCardinality(String), `ExporterRole` LowCardinality(String), `ExporterSite` LowCardinality(String), `ExporterRegion` LowCardinality(String), `ExporterTenant` LowCardinality(String), `SrcAS` UInt32, `DstAS` UInt32, `SrcNetName` LowCardinality(String), `DstNetName` LowCardinality(String), `SrcNetRole` LowCardinality(String), `DstNetRole` LowCardinality(String), `SrcNetSite` LowCardinality(String), `DstNetSite` LowCardinality(String), `SrcNetRegion` LowCardinality(String), `DstNetRegion` LowCardinality(String), `SrcNetTenant` LowCardinality(String), `DstNetTenant` LowCardinality(String), `SrcCountry` FixedString(2), `DstCountry` FixedString(2), `Dst1stAS` UInt32, `Dst2ndAS` UInt32, `Dst3rdAS` UInt32, `InIfName` LowCardinality(String), `OutIfName` LowCardinality(String), `InIfDescription` LowCardinality(String), `OutIfDescription` LowCardinality(String), `InIfSpeed` UInt32, `OutIfSpeed` UInt32, `InIfConnectivity` LowCardinality(String), `OutIfConnectivity` LowCardinality(String), `InIfProvider` LowCardinality(String), `OutIfProvider` LowCardinality(String), `InIfBoundary` Enum8('undefined' = 0, 'external' = 1, 'internal' = 2), `OutIfBoundary` Enum8('undefined' = 0, 'external' = 1, 'internal' = 2), `EType` UInt32, `Proto` UInt32, `Bytes` UInt64 CODEC(T64, LZ4), `Packets` UInt64 CODEC(T64, LZ4), `PacketSize` UInt64 ALIAS intDiv(Bytes, Packets), `PacketSizeBucket` LowCardinality(String) ALIAS multiIf(PacketSize < 64, '0-63', PacketSize < 128, '64-127', PacketSize < 256, '128-255', PacketSize < 512, '256-511', PacketSize < 768, '512-767', PacketSize < 1024, '768-1023', PacketSize < 1280, '1024-1279', PacketSize < 1501, '1280-1500', PacketSize < 2048, '1501-2047', PacketSize < 3072, '2048-3071', PacketSize < 4096, '3072-4095', PacketSize < 8192, '4096-8191', PacketSize < 10240, '8192-10239', PacketSize < 16384, '10240-16383', PacketSize < 32768, '16384-32767', PacketSize < 65536, '32768-65535', '65536-Inf'), `ForwardingStatus` UInt32) ENGINE = SummingMergeTree((Bytes, Packets)) PARTITION BY toYYYYMMDDhhmmss(toStartOfInterval(TimeReceived, toIntervalSecond(12096))) PRIMARY KEY (TimeReceived, ExporterAddress, EType, Proto, InIfName, SrcAS, ForwardingStatus, OutIfName, DstAS, SamplingRate) ORDER BY (TimeReceived, ExporterAddress, EType, Proto, InIfName, SrcAS, ForwardingStatus, OutIfName, DstAS, SamplingRate, SrcNetName, DstNetName, SrcNetRole, DstNetRole, SrcNetSite, DstNetSite, SrcNetRegion, DstNetRegion, SrcNetTenant, DstNetTenant, SrcCountry, DstCountry, Dst1stAS, Dst2ndAS, Dst3rdAS) TTL TimeReceived + toIntervalSecond(604800) SETTINGS index_granularity = 8192"
"flows_5m0s","CREATE TABLE default.flows_5m0s (`TimeReceived` DateTime CODEC(DoubleDelta, LZ4), `SamplingRate` UInt64, `ExporterAddress` LowCardinality(IPv6), `ExporterName` LowCardinality(String), `ExporterGroup` LowCardinality(String), `ExporterRole` LowCardinality(String), `ExporterSite` LowCardinality(String), `ExporterRegion` LowCardinality(String), `ExporterTenant` LowCardinality(String), `SrcAS` UInt32, `DstAS` UInt32, `SrcNetName` LowCardinality(String), `DstNetName` LowCardinality(String), `SrcNetRole` LowCardinality(String), `DstNetRole` LowCardinality(String), `SrcNetSite` LowCardinality(String), `DstNetSite` LowCardinality(String), `SrcNetRegion` LowCardinality(String), `DstNetRegion` LowCardinality(String), `SrcNetTenant` LowCardinality(String), `DstNetTenant` LowCardinality(String), `SrcCountry` FixedString(2), `DstCountry` FixedString(2), `Dst1stAS` UInt32, `Dst2ndAS` UInt32, `Dst3rdAS` UInt32, `InIfName` LowCardinality(String), `OutIfName` LowCardinality(String), `InIfDescription` LowCardinality(String), `OutIfDescription` LowCardinality(String), `InIfSpeed` UInt32, `OutIfSpeed` UInt32, `InIfConnectivity` LowCardinality(String), `OutIfConnectivity` LowCardinality(String), `InIfProvider` LowCardinality(String), `OutIfProvider` LowCardinality(String), `InIfBoundary` Enum8('undefined' = 0, 'external' = 1, 'internal' = 2), `OutIfBoundary` Enum8('undefined' = 0, 'external' = 1, 'internal' = 2), `EType` UInt32, `Proto` UInt32, `Bytes` UInt64 CODEC(T64, LZ4), `Packets` UInt64 CODEC(T64, LZ4), `PacketSize` UInt64 ALIAS intDiv(Bytes, Packets), `PacketSizeBucket` LowCardinality(String) ALIAS multiIf(PacketSize < 64, '0-63', PacketSize < 128, '64-127', PacketSize < 256, '128-255', PacketSize < 512, '256-511', PacketSize < 768, '512-767', PacketSize < 1024, '768-1023', PacketSize < 1280, '1024-1279', PacketSize < 1501, '1280-1500', PacketSize < 2048, '1501-2047', PacketSize < 3072, '2048-3071', PacketSize < 4096, '3072-4095', PacketSize < 8192, '4096-8191', PacketSize < 10240, '8192-10239', PacketSize < 16384, '10240-16383', PacketSize < 32768, '16384-32767', PacketSize < 65536, '32768-65535', '65536-Inf'), `ForwardingStatus` UInt32) ENGINE = SummingMergeTree((Bytes, Packets)) PARTITION BY toYYYYMMDDhhmmss(toStartOfInterval(TimeReceived, toIntervalSecond(155520))) PRIMARY KEY (TimeReceived, ExporterAddress, EType, Proto, InIfName, SrcAS, ForwardingStatus, OutIfName, DstAS, SamplingRate) ORDER BY (TimeReceived, ExporterAddress, EType, Proto, InIfName, SrcAS, ForwardingStatus, OutIfName, DstAS, SamplingRate, SrcNetName, DstNetName, SrcNetRole, DstNetRole, SrcNetSite, DstNetSite, SrcNetRegion, DstNetRegion, SrcNetTenant, DstNetTenant, SrcCountry, DstCountry, Dst1stAS, Dst2ndAS, Dst3rdAS) TTL TimeReceived + toIntervalSecond(7776000) SETTINGS index_granularity = 8192"
"flows_1h0m0s","CREATE TABLE default.flows_1h0m0s (`TimeReceived` DateTime CODEC(DoubleDelta, LZ4), `SamplingRate` UInt64, `ExporterAddress` LowCardinality(IPv6), `ExporterName` LowCardinality(String), `ExporterGroup` LowCardinality(String), `ExporterRole` LowCardinality(String), `ExporterSite` LowCardinality(String), `ExporterRegion` LowCardinality(String), `ExporterTenant` LowCardinality(String), `SrcAS` UInt32, `DstAS` UInt32, `SrcNetName` LowCardinality(String), `DstNetName` LowCardinality(String), `SrcNetRole` LowCardinality(String), `DstNetRole` LowCardinality(String), `SrcNetSite` LowCardinality(String), `DstNetSite` LowCardinality(String), `SrcNetRegion` LowCardinality(String), `DstNetRegion` LowCardinality(String), `SrcNetTenant` LowCardinality(String), `DstNetTenant` LowCardinality(String), `SrcCountry` FixedString(2), `DstCountry` FixedString(2), `Dst1stAS` UInt32, `Dst2ndAS` UInt32, `Dst3rdAS` UInt32, `InIfName` LowCardinality(String), `OutIfName` LowCardinality(String), `InIfDescription` LowCardinality(String), `OutIfDescription` LowCardinality(String), `InIfSpeed` UInt32, `OutIfSpeed` UInt32, `InIfConnectivity` LowCardinality(String), `OutIfConnectivity` LowCardinality(String), `InIfProvider` LowCardinality(String), `OutIfProvider` LowCardinality(String), `InIfBoundary` Enum8('undefined' = 0, 'external' = 1, 'internal' = 2), `OutIfBoundary` Enum8('undefined' = 0, 'external' = 1, 'internal' = 2), `EType` UInt32, `Proto` UInt32, `Bytes` UInt64 CODEC(T64, LZ4), `Packets` UInt64 CODEC(T64, LZ4), `PacketSize` UInt64 ALIAS intDiv(Bytes, Packets), `PacketSizeBucket` LowCardinality(String) ALIAS multiIf(PacketSize < 64, '0-63', PacketSize < 128, '64-127', PacketSize < 256, '128-255', PacketSize < 512, '256-511', PacketSize < 768, '512-767', PacketSize < 1024, '768-1023', PacketSize < 1280, '1024-1279', PacketSize < 1501, '1280-1500', PacketSize < 2048, '1501-2047', PacketSize < 3072, '2048-3071', PacketSize < 4096, '3072-4095', PacketSize < 8192, '4096-8191', PacketSize < 10240, '8192-10239', PacketSize < 16384, '10240-16383', PacketSize < 32768, '16384-32767', PacketSize < 65536, '32768-65535', '65536-Inf'), `ForwardingStatus` UInt32) ENGINE = SummingMergeTree((Bytes, Packets)) PARTITION BY toYYYYMMDDhhmmss(toStartOfInterval(TimeReceived, toIntervalSecond(622080))) PRIMARY KEY (TimeReceived, ExporterAddress, EType, Proto, InIfName, SrcAS, ForwardingStatus, OutIfName, DstAS, SamplingRate) ORDER BY (TimeReceived, ExporterAddress, EType, Proto, InIfName, SrcAS, ForwardingStatus, OutIfName, DstAS, SamplingRate, SrcNetName, DstNetName, SrcNetRole, DstNetRole, SrcNetSite, DstNetSite, SrcNetRegion, DstNetRegion, SrcNetTenant, DstNetTenant, SrcCountry, DstCountry, Dst1stAS, Dst2ndAS, Dst3rdAS) TTL TimeReceived + toIntervalSecond(31104000) SETTINGS index_granularity = 8192"
"flows_1m0s_consumer","CREATE MATERIALIZED VIEW default.flows_1m0s_consumer TO default.flows_1m0s (`TimeReceived` DateTime, `SamplingRate` UInt64, `ExporterAddress` LowCardinality(IPv6), `ExporterName` LowCardinality(String), `ExporterGroup` LowCardinality(String), `ExporterRole` LowCardinality(String), `ExporterSite` LowCardinality(String), `ExporterRegion` LowCardinality(String), `ExporterTenant` LowCardinality(String), `SrcAS` UInt32, `DstAS` UInt32, `SrcNetName` LowCardinality(String), `DstNetName` LowCardinality(String), `SrcNetRole` LowCardinality(String), `DstNetRole` LowCardinality(String), `SrcNetSite` LowCardinality(String), `DstNetSite` LowCardinality(String), `SrcNetRegion` LowCardinality(String), `DstNetRegion` LowCardinality(String), `SrcNetTenant` LowCardinality(String), `DstNetTenant` LowCardinality(String), `SrcCountry` FixedString(2), `DstCountry` FixedString(2), `Dst1stAS` UInt32, `Dst2ndAS` UInt32, `Dst3rdAS` UInt32, `InIfName` LowCardinality(String), `OutIfName` LowCardinality(String), `InIfDescription` LowCardinality(String), `OutIfDescription` LowCardinality(String), `InIfSpeed` UInt32, `OutIfSpeed` UInt32, `InIfConnectivity` LowCardinality(String), `OutIfConnectivity` LowCardinality(String), `InIfProvider` LowCardinality(String), `OutIfProvider` LowCardinality(String), `InIfBoundary` Enum8('undefined' = 0, 'external' = 1, 'internal' = 2), `OutIfBoundary` Enum8('undefined' = 0, 'external' = 1, 'internal' = 2), `EType` UInt32, `Proto` UInt32, `Bytes` UInt64, `Packets` UInt64, `ForwardingStatus` UInt32) AS SELECT toStartOfInterval(TimeReceived, toIntervalSecond(60)) AS TimeReceived, SamplingRate, ExporterAddress, ExporterName, ExporterGroup, ExporterRole, ExporterSite, ExporterRegion, ExporterTenant, SrcAS, DstAS, SrcNetName, DstNetName, SrcNetRole, DstNetRole, SrcNetSite, DstNetSite, SrcNetRegion, DstNetRegion, SrcNetTenant, DstNetTenant, SrcCountry, DstCountry, Dst1stAS, Dst2ndAS, Dst3rdAS, InIfName, OutIfName, InIfDescription, OutIfDescription, InIfSpeed, OutIfSpeed, InIfConnectivity, OutIfConnectivity, InIfProvider, OutIfProvider, InIfBoundary, OutIfBoundary, EType, Proto, Bytes, Packets, ForwardingStatus FROM default.flows"
"flows_5m0s_consumer","CREATE MATERIALIZED VIEW default.flows_5m0s_consumer TO default.flows_5m0s (`TimeReceived` DateTime, `SamplingRate` UInt64, `ExporterAddress` LowCardinality(IPv6), `ExporterName` LowCardinality(String), `ExporterGroup` LowCardinality(String), `ExporterRole` LowCardinality(String), `ExporterSite` LowCardinality(String), `ExporterRegion` LowCardinality(String), `ExporterTenant` LowCardinality(String), `SrcAS` UInt32, `DstAS` UInt32, `SrcNetName` LowCardinality(String), `DstNetName` LowCardinality(String), `SrcNetRole` LowCardinality(String), `DstNetRole` LowCardinality(String), `SrcNetSite` LowCardinality(String), `DstNetSite` LowCardinality(String), `SrcNetRegion` LowCardinality(String), `DstNetRegion` LowCardinality(String), `SrcNetTenant` LowCardinality(String), `DstNetTenant` LowCardinality(String), `SrcCountry` FixedString(2), `DstCountry` FixedString(2), `Dst1stAS` UInt32, `Dst2ndAS` UInt32, `Dst3rdAS` UInt32, `InIfName` LowCardinality(String), `OutIfName` LowCardinality(String), `InIfDescription` LowCardinality(String), `OutIfDescription` LowCardinality(String), `InIfSpeed` UInt32, `OutIfSpeed` UInt32, `InIfConnectivity` LowCardinality(String), `OutIfConnectivity` LowCardinality(String), `InIfProvider` LowCardinality(String), `OutIfProvider` LowCardinality(String), `InIfBoundary` Enum8('undefined' = 0, 'external' = 1, 'internal' = 2), `OutIfBoundary` Enum8('undefined' = 0, 'external' = 1, 'internal' = 2), `EType` UInt32, `Proto` UInt32, `Bytes` UInt64, `Packets` UInt64, `ForwardingStatus` UInt32) AS SELECT toStartOfInterval(TimeReceived, toIntervalSecond(300)) AS TimeReceived, SamplingRate, ExporterAddress, ExporterName, ExporterGroup, ExporterRole, ExporterSite, ExporterRegion, ExporterTenant, SrcAS, DstAS, SrcNetName, DstNetName, SrcNetRole, DstNetRole, SrcNetSite, DstNetSite, SrcNetRegion, DstNetRegion, SrcNetTenant, DstNetTenant, SrcCountry, DstCountry, Dst1stAS, Dst2ndAS, Dst3rdAS, InIfName, OutIfName, InIfDescription, OutIfDescription, InIfSpeed, OutIfSpeed, InIfConnectivity, OutIfConnectivity, InIfProvider, OutIfProvider, InIfBoundary, OutIfBoundary, EType, Proto, Bytes, Packets, ForwardingStatus FROM default.flows"
"flows_1h0m0s_consumer","CREATE MATERIALIZED VIEW default.flows_1h0m0s_consumer TO default.flows_1h0m0s (`TimeReceived` DateTime, `SamplingRate` UInt64, `ExporterAddress` LowCardinality(IPv6), `ExporterName` LowCardinality(String), `ExporterGroup` LowCardinality(String), `ExporterRole` LowCardinality(String), `ExporterSite` LowCardinality(String), `ExporterRegion` LowCardinality(String), `ExporterTenant` LowCardinality(String), `SrcAS` UInt32, `DstAS` UInt32, `SrcNetName` LowCardinality(String), `DstNetName` LowCardinality(String), `SrcNetRole` LowCardinality(String), `DstNetRole` LowCardinality(String), `SrcNetSite` LowCardinality(String), `DstNetSite` LowCardinality(String), `SrcNetRegion` LowCardinality(String), `DstNetRegion` LowCardinality(String), `SrcNetTenant` LowCardinality(String), `DstNetTenant` LowCardinality(String), `SrcCountry` FixedString(2), `DstCountry` FixedString(2), `Dst1stAS` UInt32, `Dst2ndAS` UInt32, `Dst3rdAS` UInt32, `InIfName` LowCardinality(String), `OutIfName` LowCardinality(String), `InIfDescription` LowCardinality(String), `OutIfDescription` LowCardinality(String), `InIfSpeed` UInt32, `OutIfSpeed` UInt32, `InIfConnectivity` LowCardinality(String), `OutIfConnectivity` LowCardinality(String), `InIfProvider` LowCardinality(String), `OutIfProvider` LowCardinality(String), `InIfBoundary` Enum8('undefined' = 0, 'external' = 1, 'internal' = 2), `OutIfBoundary` Enum8('undefined' = 0, 'external' = 1, 'internal' = 2), `EType` UInt32, `Proto` UInt32, `Bytes` UInt64, `Packets` UInt64, `ForwardingStatus` UInt32) AS SELECT toStartOfInterval(TimeReceived, toIntervalSecond(3600)) AS TimeReceived, SamplingRate, ExporterAddress, ExporterName, ExporterGroup, ExporterRole, ExporterSite, ExporterRegion, ExporterTenant, SrcAS, DstAS, SrcNetName, DstNetName, SrcNetRole, DstNetRole, SrcNetSite, DstNetSite, SrcNetRegion, DstNetRegion, SrcNetTenant, DstNetTenant, SrcCountry, DstCountry, Dst1stAS, Dst2ndAS, Dst3rdAS, InIfName, OutIfName, InIfDescription, OutIfDescription, InIfSpeed, OutIfSpeed, InIfConnectivity, OutIfConnectivity, InIfProvider, OutIfProvider, InIfBoundary, OutIfBoundary, EType, Proto, Bytes, Packets, ForwardingStatus FROM default.flows"
"flows_ZUYGDTE3EBIXX352XPM3YEEFV4_raw","CREATE TABLE default.flows_ZUYGDTE3EBIXX352XPM3YEEFV4_raw (`TimeReceived` DateTime CODEC(DoubleDelta, LZ4), `SamplingRate` UInt64, `ExporterAddress` LowCardinality(IPv6), `ExporterName` LowCardinality(String), `ExporterGroup` LowCardinality(String), `ExporterRole` LowCardinality(String), `ExporterSite` LowCardinality(String), `ExporterRegion` LowCardinality(String), `ExporterTenant` LowCardinality(String), `SrcAddr` IPv6 CODEC(ZSTD(1)), `DstAddr` IPv6 CODEC(ZSTD(1)), `SrcNetMask` UInt8, `DstNetMask` UInt8, `SrcAS` UInt32, `DstAS` UInt32, `SrcCountry` FixedString(2), `DstCountry` FixedString(2), `DstASPath` Array(UInt32), `DstCommunities` Array(UInt32), `DstLargeCommunitiesASN` Array(UInt32), `DstLargeCommunitiesLocalData1` Array(UInt32), `DstLargeCommunitiesLocalData2` Array(UInt32), `InIfName` LowCardinality(String), `OutIfName` LowCardinality(String), `InIfDescription` LowCardinality(String), `OutIfDescription` LowCardinality(String), `InIfSpeed` UInt32, `OutIfSpeed` UInt32, `InIfConnectivity` LowCardinality(String), `OutIfConnectivity` LowCardinality(String), `InIfProvider` LowCardinality(String), `OutIfProvider` LowCardinality(String), `InIfBoundary` Enum8('undefined' = 0, 'external' = 1, 'internal' = 2), `OutIfBoundary` Enum8('undefined' = 0, 'external' = 1, 'internal' = 2), `EType` UInt32, `Proto` UInt32, `SrcPort` UInt16, `DstPort` UInt16, `Bytes` UInt64 CODEC(T64, LZ4), `Packets` UInt64 CODEC(T64, LZ4), `ForwardingStatus` UInt32) ENGINE = Kafka SETTINGS kafka_broker_list = '127.0.0.1:9092', kafka_topic_list = 'flows-ZUYGDTE3EBIXX352XPM3YEEFV4', kafka_group_name = 'clickhouse', kafka_format = 'Protobuf', kafka_schema = 'flow-ZUYGDTE3EBIXX352XPM3YEEFV4.proto:FlowMessagevZUYGDTE3EBIXX352XPM3YEEFV4', kafka_num_consumers = 1, kafka_thread_per_consumer = 1, kafka_handle_error_mode = 'stream'"
"flows_ZUYGDTE3EBIXX352XPM3YEEFV4_raw_errors","CREATE MATERIALIZED VIEW default.flows_ZUYGDTE3EBIXX352XPM3YEEFV4_raw_errors (`timestamp` DateTime, `topic` LowCardinality(String), `partition` UInt64, `offset` UInt64, `raw` String, `error` String) ENGINE = MergeTree PARTITION BY toYYYYMMDDhhmmss(toStartOfHour(timestamp)) ORDER BY (timestamp, topic, partition, offset) TTL timestamp + toIntervalDay(1) SETTINGS index_granularity = 8192 AS SELECT now() AS timestamp, _topic AS topic, _partition AS partition, _offset AS offset, _raw_message AS raw, _error AS error FROM default.flows_ZUYGDTE3EBIXX352XPM3YEEFV4_raw WHERE length(_error) > 0"
"flows_ZUYGDTE3EBIXX352XPM3YEEFV4_raw_consumer","CREATE MATERIALIZED VIEW default.flows_ZUYGDTE3EBIXX352XPM3YEEFV4_raw_consumer TO default.flows (`TimeReceived` DateTime, `SamplingRate` UInt64, `ExporterAddress` LowCardinality(IPv6), `ExporterName` LowCardinality(String), `ExporterGroup` LowCardinality(String), `ExporterRole` LowCardinality(String), `ExporterSite` LowCardinality(String), `ExporterRegion` LowCardinality(String), `ExporterTenant` LowCardinality(String), `SrcAddr` IPv6, `DstAddr` IPv6, `SrcNetMask` UInt8, `DstNetMask` UInt8, `SrcAS` UInt32, `DstAS` UInt32, `SrcNetName` String, `DstNetName` String, `SrcNetRole` String, `DstNetRole` String, `SrcNetSite` String, `DstNetSite` String, `SrcNetRegion` String, `DstNetRegion` String, `SrcNetTenant` String, `DstNetTenant` String, `SrcCountry` FixedString(2), `DstCountry` FixedString(2), `DstASPath` Array(UInt32), `Dst1stAS` UInt32, `Dst2ndAS` UInt32, `Dst3rdAS` UInt32, `DstCommunities` Array(UInt32), `DstLargeCommunities` Array(UInt128), `InIfName` LowCardinality(String), `OutIfName` LowCardinality(String), `InIfDescription` LowCardinality(String), `OutIfDescription` LowCardinality(String), `InIfSpeed` UInt32, `OutIfSpeed` UInt32, `InIfConnectivity` LowCardinality(String), `OutIfConnectivity` LowCardinality(String), `InIfProvider` LowCardinality(String), `OutIfProvider` LowCardinality(String), `InIfBoundary` Enum8('undefined' = 0, 'external' = 1, 'internal' = 2), `OutIfBoundary` Enum8('undefined' = 0, 'external' = 1, 'internal' = 2), `EType` UInt32, `Proto` UInt32, `SrcPort` UInt16, `DstPort` UInt16, `Bytes` UInt64, `Packets` UInt64, `ForwardingStatus` UInt32) AS WITH arrayCompact(DstASPath) AS c_DstASPath SELECT TimeReceived, SamplingRate, ExporterAddress, ExporterName, ExporterGroup, ExporterRole, ExporterSite, ExporterRegion, ExporterTenant, SrcAddr, DstAddr, SrcNetMask, DstNetMask, SrcAS, DstAS, dictGetOrDefault('default.networks', 'name', SrcAddr, '') AS SrcNetName, dictGetOrDefault('default.networks', 'name', DstAddr, '') AS DstNetName, dictGetOrDefault('default.networks', 'role', SrcAddr, '') AS SrcNetRole, dictGetOrDefault('default.networks', 'role', DstAddr, '') AS DstNetRole, dictGetOrDefault('default.networks', 'site', SrcAddr, '') AS SrcNetSite, dictGetOrDefault('default.networks', 'site', DstAddr, '') AS DstNetSite, dictGetOrDefault('default.networks', 'region', SrcAddr, '') AS SrcNetRegion, dictGetOrDefault('default.networks', 'region', DstAddr, '') AS DstNetRegion, dictGetOrDefault('default.networks', 'tenant', SrcAddr, '') AS SrcNetTenant, dictGetOrDefault('default.networks', 'tenant', DstAddr, '') AS DstNetTenant, SrcCountry, DstCountry, DstASPath, c_DstASPath[1] AS Dst1stAS, c_DstASPath[2] AS Dst2ndAS, c_DstASPath[3] AS Dst3rdAS, DstCommunities, arrayMap((asn, l1, l2) -> ((bitShiftLeft(CAST(asn, 'UInt128'), 64) + bitShiftLeft(CAST(l1, 'UInt128'), 32)) + CAST(l2, 'UInt128')), DstLargeCommunitiesASN, DstLargeCommunitiesLocalData1, DstLargeCommunitiesLocalData2) AS DstLargeCommunities, InIfName, OutIfName, InIfDescription, OutIfDescription, InIfSpeed, OutIfSpeed, InIfConnectivity, OutIfConnectivity, InIfProvider, OutIfProvider, InIfBoundary, OutIfBoundary, EType, Proto, SrcPort, DstPort, Bytes, Packets, ForwardingStatus FROM default.flows_ZUYGDTE3EBIXX352XPM3YEEFV4_raw WHERE length(_error) = 0"
